<?xml version="1.0" encoding="UTF-8" standalone="yes"?>
<manifest>
  <control namespace="PikachuNamespace" constructor="PikachuPCF" version="0.0.1" display-name-key="PikachuPCF" description-key="This component will display a Pikachu image based on the provided image URL" control-type="standard" api-version="1.2.3">
    <external-service-usage enabled="true"/>
    <property name="imageUrl" display-name-key="Image URL" description-key="My Image URL" of-type="SingleLine.URL" usage="bound" required="true"/>
    <resources>
      <code path="bundle.js" order="1"/>
      <css path="css/PikachuPCF.css" order="1"/>
    </resources>
    <built-by name="pac" version="1.4.4"/>
  </control>
</manifest>